{
	"cluster": {
		"type": "DEFAULT",
		"initBy": "FILE",
		"physDim": 2,
		"auxBondDim": 3,
		"inClusterFile": "RVB_1x1.in"
       	},
	"initStateNoise": 1.0e-16,
	"outClusterFile": "output.in",

	"model": {
		"type": "J1J2_1X1_A",
		"J1": 1.0,
		"J2": 0.55,
		"del": 0.0
	},

	"ctmrg": {
		"auxEnvDim": 96,
		"initEnvType": "INIT_ENV_ctmrg",
		"isoType": "ISOMETRY_T3",
		"env_SVD_METHOD": "rsvd",
		"rsvd_oversampling": 20,
		"rsvd_power": 2,
		"isoPseudoInvCutoff": 1.0e-8,
		"normType": "NORM_BLE",
		"maxEnvIter": 50,
		"envEpsilon": 1.0e-10,
		"dbg": false,
		"dbgLvl": 0
	}
}
